content;Pays;Provenance;sentiment;sentiment_score;note
"You should all quit your jobs, as game development is something you are very very bad at. The lack of logic and rational thinking necessary to make something so dysfunctional is abysmal. Do you even realise that you designed it wrong? Whoever goes first in a battle, is most likely to lose as they cannot attach energy or do anything useful. Also, the ""claim all"" button doesn't claim all rewards. How did you even get hired in the first place?";fr;Google Play;0.0;0.9270647764205933;0.0
It's a fun experience playing the tcg streamlined, and there have been a few mini events already. I hope it is updated consistently.;de;Google Play;2.0;0.9721295833587646;5.0
non-game simulator, almost every match is decided by rng by turn 2;de;Google Play;1.0;0.7654743194580078;3.0
very good add more packs;us;Google Play;2.0;0.9690959453582764;5.0
Idion RNG;de;Google Play;1.0;0.8605974316596985;3.0
Very fun to collect and battle with cards but I have one issue. The skill based match-making isn't great and I have been matched with people 10 or more levels above me but other than that the game is very fun for those who just want to collect cards, battle, or both.;us;Google Play;0.0;0.46134182810783386;0.0
cool;de;Google Play;2.0;0.5324000716209412;5.0
Perfect for people who don't know how th card game works and also helps he have something to collect like I do √¨rl;us;Google Play;2.0;0.7205040454864502;5.0
Edit: After leveling, it's not only slow, but it really sucks to get cards for building good decks when your ftp. If you play this game ftp it becomes less and less fun. Fighting becomes just... annoying, in my opinion. Having to fight people who spent money on the game, and they all have the cards they need. Honestly, it's a fun game if it didn't want everything in your wallet for it to be actually playable. Great for collecting cards until you have most of them, and it also becomes annoying.;fr;Google Play;0.0;0.8054379224777222;0.0
Why was my Charmeleon on the last deck it literally cost me the game so please change the battling system a bit it's so annoying losing on a type advantage but batting a side the game it self is really good.edit why do I always fail when using water type Pokemon on fire type I'm getting annoyed with always losing to fire type Pokemon when using water type Pokemon please fix the battling system please or create a level system please.;de;Google Play;0.0;0.8691753149032593;0.0
üí©üò¥ slow, boring and not worth the time wasted üòÇ just another money grab like pokemon go ü§° I'd suggest avoiding at all costs especially if you hate games that don't let you learn and just make you keep pushing next again and again until you can finally do anything;us;Google Play;0.0;0.9457777738571167;0.0
The game is fun until you realize how much pay to win it is, and how it is designed to make you spend lots of money. You get cards through a roulette and use them to build a deck to battle against opponents. The cards are completely random and you won't get what you need, but if you spend money you can open more packs and get more chances to get them. If you don't spend money, you'll still face people that sold their house for card packs, got the best cards, and have an unfair advantage;fr;Google Play;1.0;0.5485318899154663;3.0
It feels pretty good so far to open packs, but we'll see further down the line.;fr;Google Play;2.0;0.9662773013114929;5.0
Great game so far but some fonts are awfully small and low contrast and the game does not adjust to Android's font or display size setting. Why can't I pinch and zoom the cards? And, my eyes are begging you, please provide a dark mode. üòé;de;Google Play;0.0;0.6369813680648804;0.0
Very good üëçüèª;fr;Google Play;2.0;0.9787508249282837;5.0
I like it alot the game did take awhile to download and update but other than that it's great;de;Google Play;2.0;0.9731975793838501;5.0
Good game if you are wanting to verry casually collect pokemon cards over a long time on your mobile device. The card batteling is not great as the game is focused on collecting. Suggestion for the game to make batteling more fun would be to have each card passively generate it's own energy and then attacks all cost energy to use so we are not limmited to 1 type decks.;de;Google Play;0.0;0.47438859939575195;0.0
ÿ¨ŸÖŸäŸÑ;fr;Google Play;1.0;0.6235916614532471;3.0
It's intriguing for sure, not sure how I feel about it just being for pack opening though.;de;Google Play;2.0;0.6803686618804932;5.0
only downside is u cant smell the cards, otherwise 10/10;fr;Google Play;0.0;0.5787398815155029;0.0
The odds on this game are FAKE. Coin flips and card pulls are fake. Scam game.;de;Google Play;0.0;0.9295169711112976;0.0
"Its probably one of the worst TCG games I have played. It is just pure luck based and power creep. Its like the Pokemon brand just forcing to have a TCG of their own. First player disadvantage can ensure lost and first to do a ""lucky draw"" wins the game. Not much strategy and just rock papers and scisors nonsense. Not much combos can be made and staplese like pokeball and oak are 100% part of everyones 20 card deck. In the end, we are all mirroring almost the exact decks as these are op decks";fr;Google Play;0.0;0.8473337292671204;0.0
best game ever;us;Google Play;2.0;0.9139304161071777;5.0
Game is pretty. Gacha mechanic is good. Card and deck balance is absolute dogsh**. Hopefully the gameplay will be better with more cards.;de;Google Play;2.0;0.9567855596542358;5.0
I really wanted to play pokemon tcg but I couldn't even choose my first pack after they said now pick you first pack it didn't give me a choice it was just a pure white screen I did every I could but nothing worked I really wanted to play but I couldn't even open a single pack the screen was just frozen;fr;Google Play;0.0;0.8891687989234924;0.0
Quite fun, Abit stingy with the hourglass üòÖ now only can wait for 12 hours for 1 draw and also the daily quest for 4 hour glass. Also they should add ranked mode imo;fr;Google Play;2.0;0.7454180121421814;5.0
it's making my psychology heart of gold shine right now. yes I repeat and rinse. thank you.;fr;Google Play;2.0;0.9814286231994629;5.0
Cool art for the cards. Not much to do though. And good lord the coin flip algorithm sucks. If you battle online prepare for non stop tails lol.;us;Google Play;0.0;0.6413861513137817;0.0
dreaded learning how to play Pokemon TCG, but this makes it feel satisfying as a teaching method. can't wait to see what skills I learn to use against my friends when I collect real cards;de;Google Play;2.0;0.9560757875442505;5.0
outstanding;us;Google Play;2.0;0.8305966258049011;5.0
Aside from the collecting part, which I honestly think is the actual fun part of the game, the match making and incredibly luck based gameplay is so draining and frustrating. Brackets don't exist. Luck will, most of the time, not go in your favor, especially the oh so frustrating coin flips and deck matchups.;de;Google Play;0.0;0.8627659678459167;0.0
I like this game it is pretty good and has nice card designs;fr;Google Play;2.0;0.9832791090011597;5.0
Great game, dont expect to open much though. Extreme mtx;de;Google Play;2.0;0.9523593783378601;5.0
good every day game and it I'd vary addicting;us;Google Play;2.0;0.9298843741416931;5.0
For the wonder pick, during event for example, make it shuffle that we can saw it instead right now it shuffle with impossible to detect or make it hint so we can tell which part on shuffle. Maybe can be improved in future, at least the resource use on it don't depend too much on rng. Wonder how trade system will play, but the card collecter is collectable with login, that part not bad;us;Google Play;1.0;0.7250509858131409;3.0
It's super pay to win... Decks with two mewtwo or zapdos... You've basically got no chance... The game needs serious balancing fixes.;fr;Google Play;0.0;0.89658522605896;0.0
uwu;de;Google Play;2.0;0.8690138459205627;5.0
awesome;fr;Google Play;2.0;0.8826646208763123;5.0
game is fun, but take time to open pack;us;Google Play;2.0;0.7961564064025879;5.0
Nice game, but Pay2Fast I rlly love Pokemon, played since GBA (Fire red) and its nice to see how the trading card games have evolved since we bought them in stores. But here you gotta wait 12 hours to open cards, but if you dont wanna wait, there are items to shorter the time but it cost $$$;de;Google Play;2.0;0.9377943277359009;5.0
It's nice to be able to collect cards and play with friends, I hope that they will continue to improve and expand the features, over all it's a great game.;de;Google Play;2.0;0.980616569519043;5.0
Super fun. Any idea when the trades thing will open up?;de;Google Play;2.0;0.9820541143417358;5.0
i love it;de;Google Play;2.0;0.852843701839447;5.0
Ok game but keeps crashing randomly;fr;Google Play;0.0;0.7507296204566956;0.0
Honestly the second best game that is a actual pokemon game on mobile.;us;Google Play;2.0;0.9786233901977539;5.0
I absolutely love this game, the only reason why it's getting 3 stars is because the artificial difficulty is on crack;fr;Google Play;2.0;0.9635540246963501;5.0
I may continue playing this for some amount of time but the amount and variety of micro transaction currencies is simply disqualifying as being more than a 2/5;de;Google Play;0.0;0.680022656917572;0.0
Absolutely phenomenal, I'm addicted;de;Google Play;2.0;0.9715082049369812;5.0
Game keeps crashing, can't even get through creating a new save file before it crashes, heard it's working fine for others tho, but just because I'm petty I'm givimg 1 star!!!;fr;Google Play;0.0;0.8810907602310181;0.0
Awesome!;fr;Google Play;2.0;0.9658754467964172;5.0
Pay2win net decking losers. Zero players having fun with jank. All sweat, all the time;fr;Google Play;0.0;0.9364412426948547;0.0
So much fun! great app so far but it reeeeeaaaaaly needs a dark mode! everything is brilliantly white. I suffer from chronic migraine and the white makes it so I can't play for too long;fr;Google Play;2.0;0.9164591431617737;5.0
it's so funny;fr;Google Play;2.0;0.8768872022628784;5.0
cool;us;Google Play;2.0;0.5324000716209412;5.0
Out of 12 coin flips none were heads either my RNG is awful or this some BS;fr;Google Play;0.0;0.8867810964584351;0.0
Please add feature for change account and logout account, more card in the future and trade a card with another player in da world;de;Google Play;1.0;0.8181617259979248;3.0
so much fun don't have t9 buy pack now I can open pack on mobile;fr;Google Play;2.0;0.9252225756645203;5.0
it's pretty cool nostalgia and what not.;fr;Google Play;2.0;0.9529879689216614;5.0
Give me legendary;us;Google Play;1.0;0.582442045211792;3.0
7 palabras: E S E N C I A;us;Google Play;1.0;0.8737053871154785;3.0
Structurally well made and visually pleasing, but that's about all. The game is ridiculously stingy with any items that may improve the experience - even for an app with micro-transactions, which is really saying a lot. There's a limit on how much you can get certain items per day, and missions give you practically nothing useful. It's just a really blatant skinner box with very little value outside of that. It practically encourages you to use it as little as possible or shell out money.;fr;Google Play;0.0;0.8059785962104797;0.0
good;fr;Google Play;2.0;0.6512177586555481;5.0
The game keeps crashing;de;Google Play;0.0;0.8128653764724731;0.0
Hmmm....can you adjust the online matches only allow to give up or withdrawal matches upon at least 5-8 round after, I have not play a single match without player giving up. When you're at advantage, or winning card they give up so quick you couldn't count, it's spoil the fun to it. Of course Mew2+Gar I withdraw fast 2 adjust by maybe certain round only able to forfeit or follow by after 1 to 2 minutes. Or withdrawal early resulting in penalties of matches cannot enter or delayed by 5 minutes.;fr;Google Play;0.0;0.7426580190658569;0.0
Everything I wanted out of a Pokemon game. I got over Pokemon go. This is a turned based ge with great art and very fun strategy not just button mashing +timing.;de;Google Play;2.0;0.885334312915802;5.0
Best game!!! you have to try it people.;de;Google Play;2.0;0.9832409620285034;5.0
Great potential, Has a bug where if you leave the game sometimes it white screens and ends up freezing the phone and it does the same sometimes when you summon on a pack but apart from that its working perfectly cards are beautiful and controls are simple, Graphics are nice and crisp;fr;Google Play;2.0;0.3450738489627838;5.0
The absolute imbalance that's happening in PVP right now, it's unbearable. Developers need to limit 1 trainer card per deck, increase the amount of energy needed for certain Pokemon EX, like Mewtwo, Eggxecutor, amongst others. Also, coin flips favor paying players. It's already talked in threads on Reddit and X. Don't put the $10 per month until they fix this.;us;Google Play;0.0;0.8248323202133179;0.0
Good game for whales with the low drop rates. Just a grab cash for the Pok√©mon IP by making what is basically a bad Yugioh Duel Links. Also, if you go first, there's a good chance you're going to jusy lose since there's no benefits to going first and all the benefits for going second.;fr;Google Play;2.0;0.4025295078754425;5.0
Living my childhood game all over again!! #Nostalgia;us;Google Play;2.0;0.9727553129196167;5.0
simple and fun!;de;Google Play;2.0;0.9644365310668945;5.0
Best mobile version of Pok√©mon tcg ever;us;Google Play;2.0;0.9626922011375427;5.0
This game is amazing;us;Google Play;2.0;0.9788770079612732;5.0
we will see;de;Google Play;1.0;0.5436282753944397;3.0
It's fun game with a lots feature, but when it comes to pvp it feels strong p2w;fr;Google Play;2.0;0.9394307136535645;5.0
Awesome card game! Really well made!;de;Google Play;2.0;0.9877568483352661;5.0
The auto fight function is the stupidest ever. Rounds where yr pokemon doesn't even attack even with full energy. battles are so slow and clunky.;us;Google Play;0.0;0.9191015958786011;0.0
fun;de;Google Play;2.0;0.6799178719520569;5.0
It's OK but I went to open a pack and my screen went completely black I'm not playing this until the bugg is patched;fr;Google Play;0.0;0.8727519512176514;0.0
Price gouging has already begun. They increased shop prices by 50% in a matter of days.;us;Google Play;0.0;0.9112511277198792;0.0
Fun but I had just won a match and right as the match ended it notified me that I needed to update. No option to do later, so I did and when I went back in counted the match as a loss. Disappointing;us;Google Play;0.0;0.817794680595398;0.0
fun so far;de;Google Play;2.0;0.9486280679702759;5.0
Getting to know how to play these trading card games was fun , instead of buying packs to pull out holo & collectables without any knowledge , A fun pocket trading card game üëçüëçüëç for now ‚ù§Ô∏è.;de;Google Play;2.0;0.9527461528778076;5.0
A whole new experience Never played any card game It's good..;fr;Google Play;2.0;0.9487305283546448;5.0
Coll game I like it;de;Google Play;2.0;0.8454025983810425;5.0
Card arts are amazing. Addictive as... FTP friendly, in my opinion. *for now*;us;Google Play;2.0;0.976813554763794;5.0
nice!;us;Google Play;2.0;0.9385120272636414;5.0
very nice;fr;Google Play;2.0;0.922142744064331;5.0
great;fr;Google Play;2.0;0.6905609369277954;5.0
Literally amazing I am on level 3 and I keep getting rare cards absolutely fantastic;fr;Google Play;2.0;0.987846851348877;5.0
Online needs work, all you get in every mode is Ex Starmie or EX Articuno. 200+ cards and only 4 of them are viable online, not enough offline content to make me want to keep playing.;us;Google Play;0.0;0.8326132893562317;0.0
This is really fun to play, the cards look awesome, it's fun to battle friends and cool to customize decks but here resently my game started to glitch out every time I pull a booster pack. That being said this game is still a must have for card collectors. (EDIT: as far as I know the new update fixed most visual glitches.);us;Google Play;2.0;0.9314358234405518;5.0
70% of the time your gonna be fighting a psychic deck with at least 3 ex pokemon in it, 20% of the time you'll be fighting an Articuno ex deck, and 10% of the time you'll be having fun. I want to get a bunch of Alakazam cards and start ripping them up. Great game though.;fr;Google Play;2.0;0.8570810556411743;5.0
Good game.I love Pokemon;fr;Google Play;2.0;0.9868818521499634;5.0
soo much potential;us;Google Play;2.0;0.9566314220428467;5.0
great game;de;Google Play;2.0;0.931878387928009;5.0
good;us;Google Play;2.0;0.6512177586555481;5.0
it's just so much fun don't know what to tell u;de;Google Play;2.0;0.9732373356819153;5.0
totally compatible pls have dark mode my eyes is burning;fr;Google Play;2.0;0.3613196015357971;5.0
love the game;us;Google Play;2.0;0.9475633502006531;5.0
Le jeu est incroyable, plus besoin de payer comme √† l‚Äô√©poque un booster ( tout les 12H ) , ce qui donne deux fois par jour un booster pour collectionner les cartes . La pioche miracle est un excellent syst√®me qui permet une fois par jour de piocher une carte au hasard d‚Äôun deck d‚Äôune autre personne sans que l‚Äôautre la perde , ce qui peut encore augmenter les chances d‚Äôavoir une carte rare ou l√©gendaire. Les combats sonts assez simples d‚Äôutilisation avec les m√™mes r√®gles qu‚Äôen vrai , ce qui permet √† un d√©butant de facilement s‚Äôy faire . De plus plus il y a pleins de combats solo qui permettent de gagner des r√©compenses. Et le mode multijoueur pour se battre contre un autre joueurs , c‚Äôest excellent. Manquerait une petite am√©lioration des animations, et des mises √† jours r√©guli√®res avec des nouveaux modes au fil du temps pour rendre ce jeu incontournable pour tout fan de Pok√©mon petits comme grands . üëçüèª;fr;Apple Store;1.0;0.5831435918807983;3.0
"Bonjour,
Ce jeu de carte pokemon est presque parfait, j‚Äôai not√© cependant quelques bugs, des crash assez r√©guliers sur les menus, rien d‚Äôhyper dommageable, des cadeaux inexistants vides de tout contenus, les points booster non obtenus lors de l‚Äôouverture des booster par 10‚Ä¶ j‚Äôaurais eu largement de quoi m‚Äôoffrir deux pokemon EX si ces points m‚Äôavais √©t√© octroy√©s comme lorsqu‚Äôon ouvre les booster 1 par 1‚Ä¶ bref je ne ferais pas de r√©clamation sa reste un bon jeu il pourrais etre int√©ressant que les d√©veloppeurs essais leurs jeux aux long therme et pas juste une partie ou deux pour se rendre compte des petits d√©fauts, en revanche, pour ce qui est de l‚Äô√©quilibrage, du gameplay, de l‚Äôergonomie et du visuel graphique franchement bravo ! Reste √† voir ce que les √©changes vont donn√©s, une option indispo pour le moment qui souligne le manque d‚Äôaboutissement des jeux √† leurs sorties devenu une mode‚Ä¶ Petite suggestion, il y‚Äôa surement quelque chose a faire avec les amis que nous nous sommes fait jusqu‚Äôici qui pour le moment ne sert a rien et n‚Äôapporte rien de concret au jeu‚Ä¶ Peut √™tre des envois de cadeaux quotidiens comme des sabliers ou des points booster ? J‚Äôimagine que sa viendras lorsque vous aurez engendr√© assez d‚Äôargent avec les pass premium avant que les √©changes ne casse le business !lol Merci a vous en tout cas sa reste tr√®s divertissant üòú‚úåÔ∏è";fr;Apple Store;1.0;0.7431439757347107;3.0
"Tr√®s bon jeu de deck building, ou de carte √† collectionner, j‚Äôai h√¢te que le syst√®me d‚Äô√©change soit enfin disponible ! 

Attention aux commentaires n√©gatifs , ce n‚Äôest pas un pay to win, et en ce qui concerne la chance, les booster dans la vraie vie sont tous payants et il y √† beaucoup moins de chance d‚Äôobtenir des cartes rares 
Concernant les combats, c‚Äôest un jeux de carte o√π on doit construire notre deck en amont des combats, je suis d‚Äôaccord que certaines cartes n‚Äôont d‚Äôint√©r√™t que pour le collection , mais beaucoup permettent l‚Äô√©laboration de diff√©rents decks autant fort les uns que les autres , √† vous de construire votre deck qui aura le moins de faiblesses avec vos cartes !";fr;Apple Store;1.0;0.7655622959136963;3.0
"nous pouvons ouvrir jusqu‚Äô√† deux boosters/jour gratuitement (un toutes les douze heures plus pr√©cis√©ment) mais nous pouvons aussi ouvrir plus de boosters gr√¢ce √† des objets bonus que l‚Äôon d√©bloque relativement facilement gr√¢ce √† diverses missions assez faciles d‚Äôacc√®s ; c‚Äôest un jeu de collection, il est donc assez addictif et il faut dire que c‚Äôest tr√®s grisant que de voir sa collection se remplir :) enfin, gr√¢ce √† la ¬´¬†pioche miracle¬†¬ª, vous pouvez choisir une carte au hasard parmi cinq cartes (un booster) d‚Äôun autre joueur, et c‚Äôest gagnant-gagnant sachant que la personne en face ne perd pas sa carte, la carte que vous aurez pioch√©e est en quelque sorte dupliqu√©e

le jeu est tr√®s plaisant, optimis√© et chatoyant avec ses couleurs pastels dans les menus, on ne sent pas vraiment perdus et cela donne envie de jouer!";fr;Apple Store;1.0;0.696858823299408;3.0
"Merci pour ce jeu vraiment, incroyable. Par contre au niveaux des am√©liorations je pense que le jeu pourrait √™tre beaucoup plus intuitif. Toutes les minis cin√©matique (d√®s qu‚Äôon ouvre un bosster, quand les cartes se pr√©sente puis se range ect‚Ä¶) sont trop longue, les chargement d‚Äô√©crans et les animations en combats sont long aussi. Le fait de devoir rester jusqu‚Äô√† la fin du r√©cap √† la fin du combat est ennuyant. Toute ses petites attentes √† l‚Äôint√©rieure du jeu le rende moins fluide et moins ¬´¬†moderne¬†¬ª  (je trouve). L‚Äôinterface aussi n‚Äôest pas moderne et donne l‚Äôimpression d‚Äôun jeu vintage. 
Le fait d‚Äôavoir plusieurs m√™me cartes pour y mettre une d√©co, √ßa je n‚Äôai tout simplement pas compris l‚Äôint√©r√™t. Le fait de devoir rester appuyer sur sa main pour voir ses cartes est conte intuitif aussi. 

Pour finir j‚Äôaime vraiment beaucoup ce jeu et merci pour √ßa. Mais une maj le rendrait tellement plus agr√©able. D√©sol√© pour cet avis tr√®s brouillon mais je n‚Äôai pas l‚Äôhabitude d‚Äôen mettre sur les applications.";fr;Apple Store;1.0;0.7094923257827759;3.0
"J‚Äôadore le jeu. Mais les combats sont √† l‚Äôimage des pi√®ces qu‚Äôon y lance, soit tout, soit rien. Il est tr√®s rare d‚Äôavoir un combat ou c‚Äôest la strat√©gie qui prime ou m√™me qui permette d‚Äôen √©tablir une. Certaines cartes cassent totalement l‚Äô√©quilibre des combats (et pas seulement les cartes Ex). Je pense √† Smogogo, Staross Ex, Artikodin Ex, Sulfura Ex, Dracolosse et bien d‚Äôautres‚Ä¶ 
C‚Äôest simple, vous verrez √† chaque combat les m√™mes cartes qui reviennent √† chaque fois, limitant les possibilit√©s de cr√©er des decks originaux et d‚Äô√©tablir des strat√©gies, car m√™me si votre deck est cens√© bien tourner, vous vous ferez √©craser par les cartes surjou√©es sans aucune difficult√© pour l‚Äôadversaire. 
J‚Äôai presque toutes les cartes, l‚Äôesprit du jeu est de les collectionner gratuitement apparement et cette partie m√©rite 5 √©toiles d‚Äôo√π ma note, mais le syst√®me de combat est √† revoir et mettre √† jour √† mon humble avis, l‚Äôappli est nouvelle donc √©clatez vous chers d√©veloppeurs !";fr;Apple Store;1.0;0.7283852696418762;3.0
"Le jeu mobile Pok√©mon JCC Live apporte enfin l‚Äôexp√©rience du jeu de cartes √† collectionner Pok√©mon sur nos t√©l√©phones, ce qui est g√©nial pour les fans qui souhaitent jouer o√π qu‚Äôils soient. L‚Äôinterface reprend les codes visuels de la franchise, et les decks sont faciles √† construire, ce qui rend l‚Äôexp√©rience accessible pour les d√©butants.

Malheureusement, ce jeu a encore beaucoup de lacunes. D‚Äôabord, les graphismes et les animations sont d√©cevants et manquent de finesse, ce qui est surprenant pour un jeu mobile moderne. L‚Äôinterface est parfois confuse, et il est difficile de naviguer entre les menus sans se sentir perdu. Le jeu souffre √©galement de nombreux bugs et de ralentissements, surtout lors des parties en ligne, o√π les d√©connexions sont fr√©quentes.

Le syst√®me de progression est assez frustrant : les r√©compenses sont rares et le grind est long, ce qui risque de d√©courager les joueurs occasionnels. Compar√© aux autres jeux Pok√©mon mobiles, le JCC Live donne l‚Äôimpression d‚Äô√™tre encore en phase de d√©veloppement, sans avoir tout le polissage que l‚Äôon attendait. Il reste du potentiel, mais les d√©veloppeurs devront corriger ces probl√®mes pour offrir une exp√©rience plus fluide et captivante.";fr;Apple Store;1.0;0.7864970564842224;3.0
"Jeux interactifs et beaucoup plus simple que les deux anciennes versions du jcc. Les r√©compenses de carte retir√© et l‚Äôobtention d‚Äô√©nergie √† chaque tours rend le jeu plus simple et plus amusant √† jouer, √©galement le faites d‚Äôavoir un deck de 20 cartes rend la cr√©ation de deck moins complexe ce qui est un tr√®s bon point pour int√©grer un maximum de joueurs.
L‚Äôinterface est √©galement tr√®s bien pens√© et le syst√®me d‚Äôouverture de booster style gacha ouvre une nouvelle dimension dans les jcc pok√©mon.

Petit suggestion que j‚Äôaimerais voir √† l‚Äôavenir :
- la possibilit√© de pouvoir d√©tach√© l‚Äô√©nergie qu‚Äôon donne √† notre pok√©mon tant que l‚Äôon n‚Äôa pas encore terminer le tour. C‚Äôest un peut b√™te mais je pense que je ne suis pas le seul √† commencer par attacher mon √©nergie en jouant rapidement et me rendre compte apr√®s r√©flexion que strat√©giquement je devais l‚Äôattacher √† un autre pok√©mon.";fr;Apple Store;1.0;0.7880653142929077;3.0
Je r√©dige cet avis car j‚Äôinvite ceux qui aiment Pok√©mon √† tester ce nouveau jcc. Globalement bon je ne peux pas lui mettre 5 √©toiles, d‚Äôailleurs j‚Äôen aurais mis 3,5 si c‚Äô√©tait possible. Effectivement on peux obtenir des boosters tout les jours, des cartes ect. Cependant et le plus gros b√©mol √† mon sens, les combats de cartes ont √©t√© extr√™mement simplifi√©s, les √©nergies s‚Äôobtiennent 1 a 1. Le banc n‚Äôest compos√© que de 3 cartes. Il n‚Äôy a plus de syst√®me de cartes r√©compenses et ainsi de suite. L‚Äôancien tcgo (je ne parle pas du live qui √©tait une catastrophe) √©tait meilleur et ce n‚Äôest pas un avis d√ª √† la nostalgie. J‚Äôesp√®re pour la suite de celui ci, une revisite du syst√®me de combat pour le rendre aussi int√©ressant que l‚Äôancien. Et √©ventuellement mais ma demande ne serait que du bonus, la possibilit√© de r√©cup√©rer nos cartes de jcc live (qui pour certains comme moi viennent de l‚Äôancien tcgo);fr;Apple Store;1.0;0.7775915861129761;3.0
"Un jeu simplifi√© en comparaison aux r√®gles du tcg de base, mais extr√™mement plaisant √† jouer. Les parties sont rapides, la personnalisation est tr√®s appr√©ciable. 
Je joue beaucoup plus pour l'aspect collection et j'avoue que le jeu est assez g√©n√©reux avec la possibilit√© d'ouvrir 2 boosters quotidien. Apr√®s plusieurs jours de jeu, ma collection se compl√®te rapidement et j'en suis heureuse. Les cartes immersives sont vraiment tr√®s travaill√©es et magnifiques √† voir, l'aspect 3D de certaines ne sont pas ce que je pr√©f√®re en g√©n√©ral mais cela fonctionne bien dans ce jeu avec la possibilit√© de tourner la carte pour appr√©cier la profondeur. 
Tr√®s bon jeu √† jouer et √† collectionner ! Vivement la suite avec les √©changes et de nouvelles cartes ! Merci aux d√©veloppeurs";fr;Apple Store;1.0;0.7810028791427612;3.0
;;;;;
;;;;;
;;;;;
;;;;;
;;;;;
;;;;;
;;;;;
;;;;;
;;;;;
;;;;;
;;;;;
;;;;;
;;;;;
;;;;;
;;;;;
;;;;;
;;;;;
;;;;;
;;;;;
;;;;;
;;;;;
;;;;;
;;;;;
;;;;;
;;;;;
;;;;;
;;;;;
;;;;;
;;;;;
;;;;;
;;;;;
;;;;;
;;;;;
;;;;;
;;;;;
;;;;;
;;;;;
;;;;;
;;;;;
;;;;;
;;;;;
;;;;;
;;;;;
;;;;;
;;;;;
;;;;;
;;;;;
;;;;;
;;;;;
;;;;;
;;;;;
;;;;;
;;;;;
;;;;;
;;;;;
;;;;;
;;;;;
;;;;;
;;;;;
;;;;;
;;;;;
;;;;;
;;;;;
;;;;;
;;;;;
;;;;;
;;;;;
;;;;;
;;;;;
;;;;;
;;;;;
;;;;;
;;;;;
;;;;;
;;;;;
;;;;;
;;;;;
;;;;;
;;;;;
;;;;;
;;;;;
;;;;;
;;;;;
;;;;;
;;;;;
;;;;;
;;;;;
